Id, name,address, salary,email,phone,gender,city
100,Toe,USA,90099,test@gmail.com,990090911,M,HSV
101,Toe,USA,90099,test@gmail.com,990090911,M,HSV
102,Toe,USA,90099,test@gmail.com,990090911,M,HSV
103,Toe,USA,90099,test@gmail.com,990090911,M,HSV
104,Toe,USA,90099,test@gmail.com,990090911,M,HSV
105,Toe,USA,90099,test@gmail.com,990090911,M,HSV
106,Toe,USA,90099,test@gmail.com,990090911,M,HSV
100,Toe,USA,90099,test@gmail.com,990090911,M,HSV
101,Toe,USA,90099,test@gmail.com,990090911,M,HSV
102,Toe,USA,90099,test@gmail.com,990090911,M,HSV
103,Toe,USA,90099,test@gmail.com,990090911,M,HSV
104,Toe,USA,90099,test@gmail.com,990090911,M,HSV
105,Toe,USA,90099,test@gmail.com,990090911,M,HSV
106,Toe,USA,90099,test@gmail.com,990090911,M,HSV
100,Toe,USA,90099,test@gmail.com,990090911,M,HSV
101,Toe,USA,90099,test@gmail.com,990090911,M,HSV
102,Toe,USA,90099,test@gmail.com,990090911,M,HSV
103,Toe,USA,90099,test@gmail.com,990090911,M,HSV
104,Toe,USA,90099,test@gmail.com,990090911,M,HSV
105,Toe,USA,90099,test@gmail.com,990090911,M,HSV
106,Toe,USA,90099,test@gmail.com,990090911,M,HSV
100,Toe,USA,90099,test@gmail.com,990090911,M,HSV
101,Toe,USA,90099,test@gmail.com,990090911,M,HSV
102,Toe,USA,90099,test@gmail.com,990090911,M,HSV
103,Toe,USA,90099,test@gmail.com,990090911,M,HSV
104,Toe,USA,90099,test@gmail.com,990090911,M,HSV
105,Toe,USA,90099,test@gmail.com,990090911,M,HSV
106,Toe,USA,90099,test@gmail.com,990090911,M,HSV
